STT,Mã GV,Họ và tên,Phòng thi được giám sát
1,487,102170179,Từ 280 đến 402
2,1983,107170126,Từ 442 đến 311
3,488,102170180,Từ 173 đến 354
4,1984,107170127,Từ 354 đến 429
5,489,102170181,Từ 269 đến 394
6,1985,107170128,Từ 405 đến 147
7,490,102170182,Từ 316 đến 17
8,1986,107170129,Từ 228 đến 355
9,491,102170183,Từ 178 đến 327
10,1987,107170130,Từ 220 đến 47
11,492,102170184,Từ 477 đến 207
12,1988,107170131,Từ 304 đến 474
13,493,102170185,Từ 160 đến 232
14,1989,107170132,Từ 16 đến 26
15,494,102170186,Từ 175 đến 391
16,1990,107170133,Từ 62 đến 326
17,495,102170187,Từ 371 đến 461
18,1991,107170134,Từ 132 đến 148
19,496,102170188,Từ 414 đến 50
20,1992,107170135,Từ 111 đến 78
21,497,102170189,Từ 412 đến 480
22,1993,107170136,Từ 104 đến 169
23,498,102170190,Từ 407 đến 459
24,1994,107170137,Từ 110 đến 399
25,499,102170191,Từ 310 đến 88
26,1995,107170138,Từ 62 đến 432
27,500,102170192,Từ 1 đến 179
28,1996,107170139,Từ 450 đến 162
29,501,102170193,Từ 424 đến 89
30,1997,107170140,Từ 187 đến 114
31,502,102170194,Từ 452 đến 476
32,1998,107170141,Từ 112 đến 42
33,503,102170195,Từ 7 đến 443
34,1999,107170142,Từ 388 đến 65
35,504,102170196,Từ 240 đến 253
36,2000,107170143,Từ 472 đến 390
37,505,102170197,Từ 144 đến 297
38,2001,107170144,Từ 353 đến 342
39,506,102170198,Từ 80 đến 216
40,2002,107170145,Từ 486 đến 191
41,507,102170199,Từ 291 đến 437
42,2003,107170146,Từ 120 đến 128
43,508,102170200,Từ 363 đến 475
44,2004,107170147,Từ 279 đến 84
45,509,102170201,Từ 64 đến 78
46,2005,107170148,Từ 119 đến 361
47,510,102170202,Từ 208 đến 359
48,2006,107170149,Từ 246 đến 411
49,511,102170203,Từ 35 đến 289
50,2007,107170150,Từ 459 đến 289
51,512,102170204,Từ 102 đến 463
52,2008,107170151,Từ 382 đến 186
53,513,102170205,Từ 78 đến 478
54,2009,107170152,Từ 128 đến 287
55,514,102170206,Từ 255 đến 303
56,2010,107170153,Từ 187 đến 177
57,515,102170207,Từ 89 đến 482
58,2011,107170154,Từ 464 đến 225
59,516,102170208,Từ 262 đến 465
60,2012,107170155,Từ 163 đến 189
61,517,102170209,Từ 155 đến 464
62,2013,107170156,Từ 232 đến 330
63,518,102170210,Từ 409 đến 200
64,2014,107170157,Từ 347 đến 457
65,519,102170211,Từ 438 đến 88
66,2015,107170158,Từ 477 đến 181
67,520,102170212,Từ 314 đến 197
68,2016,107170159,Từ 398 đến 337
69,521,102170213,Từ 411 đến 182
70,2017,107170160,Từ 110 đến 287
71,522,102170214,Từ 445 đến 103
72,2018,107170161,Từ 189 đến 321
73,523,102170215,Từ 482 đến 346
74,2019,107170162,Từ 372 đến 195
75,524,102170216,Từ 37 đến 265
76,2020,107170163,Từ 367 đến 442
77,525,102170217,Từ 337 đến 14
78,2021,107170164,Từ 473 đến 457
79,526,102170218,Từ 282 đến 386
80,2022,107170165,Từ 433 đến 106
81,527,102170219,Từ 310 đến 306
82,2023,107170166,Từ 283 đến 389
83,528,102170220,Từ 262 đến 270
84,2024,107170167,Từ 53 đến 351
85,529,102170221,Từ 258 đến 191
86,2025,107170168,Từ 70 đến 101
87,530,102170222,Từ 395 đến 2
88,2026,107170169,Từ 206 đến 431
89,531,102170223,Từ 447 đến 165
90,2027,107170170,Từ 244 đến 325
91,532,102170224,Từ 255 đến 468
92,2028,107170171,Từ 169 đến 143
93,533,102170225,Từ 226 đến 325
94,2029,107170172,Từ 463 đến 480
95,534,102170226,Từ 348 đến 190
96,2030,107170173,Từ 371 đến 37
97,535,102170227,Từ 80 đến 414
98,2031,107170174,Từ 143 đến 422
99,536,102170228,Từ 151 đến 209
100,2032,107170175,Từ 152 đến 15
101,537,102170229,Từ 184 đến 83
102,2033,107170176,Từ 476 đến 294
103,538,102170230,Từ 197 đến 233
104,2034,107170177,Từ 383 đến 18
105,539,102170231,Từ 264 đến 278
106,2035,107170178,Từ 255 đến 184
107,540,102170232,Từ 415 đến 27
108,2036,107170179,Từ 88 đến 45
109,541,102170233,Từ 169 đến 348
110,2037,107170180,Từ 79 đến 384
111,542,102170234,Từ 88 đến 95
112,2038,107170181,Từ 32 đến 234
113,543,102170235,Từ 441 đến 242
114,2039,107170182,Từ 85 đến 220
115,544,102170236,Từ 340 đến 24
116,2040,107170183,Từ 403 đến 166
117,545,102170237,Từ 170 đến 355
118,2041,107170184,Từ 49 đến 421
119,546,102170238,Từ 80 đến 39
120,2042,107170185,Từ 270 đến 85
121,547,102170239,Từ 24 đến 421
122,2043,107170186,Từ 420 đến 385
123,548,105130235,Từ 174 đến 102
124,2044,107170187,Từ 86 đến 373
125,549,102170261,Từ 372 đến 210
126,2045,107170188,Từ 6 đến 51
127,550,102170262,Từ 361 đến 188
128,2046,107170189,Từ 267 đến 297
129,551,102170263,Từ 424 đến 83
130,2047,107170190,Từ 444 đến 389
131,552,102170264,Từ 240 đến 37
132,2048,107170191,Từ 256 đến 88
133,553,102170265,Từ 239 đến 473
134,2049,107170192,Từ 253 đến 77
135,554,102170266,Từ 286 đến 368
136,2050,107170193,Từ 261 đến 140
137,555,102170267,Từ 282 đến 69
138,2051,107170194,Từ 460 đến 425
139,556,102170268,Từ 450 đến 35
140,2052,107170195,Từ 150 đến 287
141,557,102170269,Từ 366 đến 174
142,2053,107170196,Từ 126 đến 382
143,558,102170270,Từ 145 đến 249
144,2054,107170197,Từ 274 đến 288
145,559,102170271,Từ 308 đến 169
146,2055,107170198,Từ 157 đến 67
147,560,102170272,Từ 58 đến 39
148,2056,107170199,Từ 74 đến 325
149,561,102170273,Từ 199 đến 424
150,2057,107170200,Từ 176 đến 1
151,562,102170274,Từ 98 đến 169
152,2058,107170201,Từ 88 đến 162
153,563,102170275,Từ 8 đến 247
154,2059,107170202,Từ 364 đến 291
155,564,102170276,Từ 161 đến 163
156,2060,107170203,Từ 47 đến 295
157,565,102170277,Từ 354 đến 71
158,2061,107170204,Từ 61 đến 17
159,566,102170278,Từ 246 đến 306
160,2062,107170205,Từ 312 đến 296
161,567,102170279,Từ 480 đến 71
162,2063,107170206,Từ 208 đến 196
163,568,102170280,Từ 238 đến 121
164,2064,107170207,Từ 345 đến 90
165,569,102170281,Từ 331 đến 76
166,2065,107170208,Từ 247 đến 119
167,570,102170282,Từ 350 đến 146
168,2066,107170209,Từ 354 đến 10
169,571,102170283,Từ 48 đến 242
170,2067,107170210,Từ 245 đến 176
171,572,102170284,Từ 226 đến 133
172,2068,107170211,Từ 3 đến 282
173,573,102170285,Từ 103 đến 234
174,2069,107170212,Từ 307 đến 464
175,574,102170286,Từ 323 đến 398
176,2070,107170278,Từ 331 đến 134
177,575,102170287,Từ 146 đến 155
178,2071,107170279,Từ 425 đến 99
179,576,102170288,Từ 230 đến 386
180,2072,107170280,Từ 442 đến 376
181,577,102170289,Từ 269 đến 471
182,2073,107170281,Từ 161 đến 254
183,578,102170290,Từ 395 đến 145
184,2074,107170282,Từ 416 đến 86
185,579,102170291,Từ 353 đến 465
186,2075,107170283,Từ 162 đến 471
187,580,102170292,Từ 48 đến 242
188,2076,107170284,Từ 41 đến 322
189,581,102170293,Từ 149 đến 275
190,2077,107170285,Từ 432 đến 318
191,582,102170294,Từ 133 đến 13
192,2078,107170286,Từ 426 đến 82
193,583,102170295,Từ 87 đến 322
194,2079,107170287,Từ 294 đến 458
195,584,102170296,Từ 323 đến 459
196,2080,107170288,Từ 372 đến 412
197,585,102170297,Từ 143 đến 324
198,2081,107170289,Từ 365 đến 391
199,586,102170298,Từ 44 đến 321
200,2082,107170081,Từ 211 đến 462
201,587,102170299,Từ 229 đến 161
202,2083,107170082,Từ 12 đến 233
203,588,102170300,Từ 414 đến 464
204,2084,107170083,Từ 325 đến 297
205,589,102170301,Từ 46 đến 83
206,2085,107170084,Từ 16 đến 112
207,590,102170302,Từ 485 đến 251
208,2086,107170085,Từ 110 đến 250
209,591,102170303,Từ 122 đến 101
210,2087,107170086,Từ 410 đến 154
211,592,102170304,Từ 65 đến 13
212,2088,107170087,Từ 68 đến 182
213,593,102170305,Từ 119 đến 228
214,2089,107170088,Từ 452 đến 57
215,594,102170306,Từ 77 đến 198
216,2090,107170089,Từ 400 đến 174
217,595,102170307,Từ 479 đến 410
218,2091,107170090,Từ 411 đến 219
219,596,102170308,Từ 286 đến 94
220,2092,107170091,Từ 421 đến 462
221,597,102170309,Từ 23 đến 34
222,2093,107170092,Từ 27 đến 63
223,598,102170310,Từ 385 đến 361
224,2094,107170093,Từ 30 đến 353
225,599,102170311,Từ 251 đến 146
226,2095,107170094,Từ 237 đến 257
227,600,102170312,Từ 404 đến 189
228,2096,107170095,Từ 67 đến 435
229,601,102170313,Từ 107 đến 336
230,2097,107170096,Từ 332 đến 220
231,602,103170001,Từ 56 đến 75
232,2098,107170097,Từ 413 đến 11
233,603,103170002,Từ 440 đến 164
234,2099,107170098,Từ 425 đến 472
235,604,103170003,Từ 109 đến 292
236,2100,107170099,Từ 148 đến 407
237,605,103170004,Từ 266 đến 139
238,2101,107170100,Từ 421 đến 73
239,606,103170005,Từ 278 đến 404
240,2102,107170101,Từ 123 đến 98
241,607,103170006,Từ 248 đến 98
242,2103,107170102,Từ 69 đến 125
243,608,103170007,Từ 307 đến 254
244,2104,107170103,Từ 460 đến 209
245,609,103170008,Từ 180 đến 142
246,2105,107170104,Từ 12 đến 68
247,610,103170009,Từ 280 đến 307
248,2106,107170105,Từ 26 đến 361
249,611,103170010,Từ 380 đến 116
250,2107,107170106,Từ 243 đến 81
251,612,103170011,Từ 153 đến 366
252,2108,107170107,Từ 444 đến 112
253,613,103170012,Từ 309 đến 377
254,2109,107170108,Từ 371 đến 24
255,614,103170013,Từ 422 đến 2
256,2110,107170109,Từ 227 đến 109
257,615,103170014,Từ 485 đến 157
258,2111,107170110,Từ 387 đến 135
259,616,103170015,Từ 286 đến 365
260,2112,107170111,Từ 378 đến 82
261,617,103170016,Từ 91 đến 397
262,2113,107170112,Từ 444 đến 342
263,618,103170017,Từ 186 đến 21
264,2114,107170113,Từ 463 đến 198
265,619,103170018,Từ 16 đến 210
266,2115,107170114,Từ 48 đến 174
267,620,103170019,Từ 34 đến 35
268,2116,108170001,Từ 24 đến 484
269,621,103170020,Từ 201 đến 329
270,2117,108170002,Từ 307 đến 167
271,622,103170021,Từ 443 đến 114
272,2118,108170003,Từ 38 đến 214
273,623,103170022,Từ 480 đến 228
274,2119,108170004,Từ 283 đến 55
275,624,103170023,Từ 269 đến 169
276,2120,108170005,Từ 167 đến 228
277,625,103170024,Từ 27 đến 98
278,2121,108170006,Từ 397 đến 367
279,626,103170025,Từ 32 đến 232
280,2122,108170007,Từ 452 đến 322
281,627,103170026,Từ 111 đến 192
282,2123,108170008,Từ 96 đến 414
283,628,103170027,Từ 334 đến 271
284,2124,108170009,Từ 205 đến 159
285,629,103170028,Từ 156 đến 32
286,2125,108170010,Từ 113 đến 450
287,630,103170029,Từ 454 đến 260
288,2126,108170011,Từ 482 đến 58
289,631,103170030,Từ 224 đến 355
290,2127,108170012,Từ 412 đến 469
291,632,103170031,Từ 157 đến 36
292,2128,108170013,Từ 68 đến 235
293,633,103170032,Từ 169 đến 127
294,2129,108170014,Từ 263 đến 341
295,634,103170033,Từ 468 đến 277
296,2130,108170015,Từ 307 đến 225
297,635,103170034,Từ 123 đến 114
298,2131,108170016,Từ 42 đến 455
299,636,103170035,Từ 116 đến 36
300,2132,108170017,Từ 129 đến 451
301,637,103170036,Từ 251 đến 274
302,2133,108170018,Từ 407 đến 64
303,638,103170037,Từ 226 đến 276
304,2134,108170019,Từ 340 đến 190
305,639,103170038,Từ 5 đến 243
306,2135,108170020,Từ 236 đến 114
307,640,103170039,Từ 82 đến 403
308,2136,108170021,Từ 135 đến 223
309,641,103170040,Từ 444 đến 98
310,2137,108170022,Từ 361 đến 81
311,642,103170041,Từ 112 đến 149
312,2138,108170023,Từ 199 đến 27
313,643,103170042,Từ 167 đến 269
314,2139,108170024,Từ 108 đến 453
315,644,103170043,Từ 475 đến 287
316,2140,108170025,Từ 4 đến 435
317,645,103170044,Từ 300 đến 259
318,2141,108170026,Từ 9 đến 240
319,646,103170045,Từ 476 đến 466
320,2142,108170027,Từ 90 đến 148
321,647,103170046,Từ 166 đến 121
322,2143,108170028,Từ 179 đến 446
323,648,103170047,Từ 54 đến 137
324,2144,108170029,Từ 392 đến 246
325,649,103170048,Từ 253 đến 34
326,2145,108170030,Từ 378 đến 310
327,650,103170049,Từ 320 đến 116
328,2146,108170031,Từ 49 đến 173
329,651,103170050,Từ 273 đến 153
330,2147,108170032,Từ 25 đến 220
331,652,103170051,Từ 253 đến 271
332,2148,108170033,Từ 72 đến 425
333,653,103170052,Từ 115 đến 261
334,2149,108170034,Từ 227 đến 364
335,654,103170053,Từ 319 đến 60
336,2150,108170035,Từ 266 đến 374
337,655,103170054,Từ 328 đến 308
338,2151,108170036,Từ 250 đến 65
339,656,103170055,Từ 160 đến 408
340,2152,108170037,Từ 51 đến 285
341,657,103170056,Từ 98 đến 326
342,2153,108170038,Từ 157 đến 403
343,658,103170057,Từ 135 đến 18
344,2154,108170039,Từ 3 đến 193
345,659,103170058,Từ 293 đến 130
346,2155,108170040,Từ 131 đến 383
347,660,103170116,Từ 261 đến 314
348,2156,110170071,Từ 244 đến 117
349,661,103170117,Từ 237 đến 421
350,2157,110170072,Từ 455 đến 459
351,662,103170118,Từ 270 đến 373
352,2158,110170073,Từ 66 đến 171
353,663,103170119,Từ 275 đến 102
354,2159,110170074,Từ 188 đến 116
355,664,103170120,Từ 24 đến 286
356,2160,110170075,Từ 389 đến 255
357,665,103170121,Từ 341 đến 276
358,2161,110170076,Từ 132 đến 139
359,666,103170122,Từ 382 đến 61
360,2162,110170077,Từ 403 đến 120
361,667,103170123,Từ 4 đến 443
362,2163,110170078,Từ 316 đến 475
363,668,103170124,Từ 31 đến 101
364,2164,110170079,Từ 377 đến 195
365,669,103170125,Từ 189 đến 160
366,2165,110170080,Từ 316 đến 370
367,670,103170126,Từ 367 đến 347
368,2166,110170081,Từ 320 đến 380
369,671,103170127,Từ 145 đến 134
370,2167,110170082,Từ 38 đến 235
371,672,103170128,Từ 148 đến 310
372,2168,110170083,Từ 406 đến 461
373,673,103170129,Từ 10 đến 201
374,2169,110170084,Từ 159 đến 11
375,674,103170130,Từ 294 đến 241
376,2170,110170085,Từ 97 đến 459
377,675,103170131,Từ 349 đến 377
378,2171,110170156,Từ 446 đến 142
379,676,103170059,Từ 296 đến 377
380,2172,110170157,Từ 298 đến 223
381,677,103170060,Từ 152 đến 233
382,2173,110170158,Từ 315 đến 448
383,678,103170061,Từ 431 đến 46
384,2174,110170159,Từ 474 đến 126
385,679,103170062,Từ 59 đến 138
386,2175,110170160,Từ 8 đến 354
387,680,103170063,Từ 188 đến 20
388,2176,110170161,Từ 84 đến 11
389,681,103170064,Từ 262 đến 326
390,2177,110170162,Từ 188 đến 199
391,682,103170065,Từ 71 đến 210
392,2178,110170163,Từ 320 đến 56
393,683,103170066,Từ 182 đến 332
394,2179,110170164,Từ 153 đến 424
395,684,103170067,Từ 104 đến 377
396,2180,110170165,Từ 91 đến 262
397,685,103170068,Từ 189 đến 207
398,2181,110170166,Từ 108 đến 231
399,686,103170069,Từ 38 đến 348
400,2182,110170167,Từ 263 đến 209
401,687,103170070,Từ 354 đến 334
402,2183,110170168,Từ 313 đến 87
403,688,103170071,Từ 401 đến 73
404,2184,110170169,Từ 124 đến 125
405,689,103170072,Từ 420 đến 464
406,2185,110170170,Từ 71 đến 148
407,690,103170073,Từ 377 đến 69
408,2186,109161000000,Từ 243 đến 26
409,691,103170074,Từ 208 đến 398
410,2187,109110146,Từ 8 đến 191
411,692,103170075,Từ 480 đến 201
412,2188,109110166,Từ 40 đến 74
413,693,103170076,Từ 212 đến 304
414,2189,109110342,Từ 191 đến 68
415,694,103170077,Từ 15 đến 308
416,2190,101140118,Từ 69 đến 17
417,695,103170078,Từ 477 đến 81
418,2191,109170037,Từ 362 đến 22
419,696,103170079,Từ 196 đến 100
420,2192,109170038,Từ 287 đến 319
421,697,103170080,Từ 134 đến 122
422,2193,109170039,Từ 80 đến 386
423,698,103170081,Từ 329 đến 49
424,2194,109170040,Từ 100 đến 370
425,699,103170082,Từ 282 đến 47
426,2195,109170041,Từ 32 đến 223
427,700,103170083,Từ 277 đến 295
428,2196,109170042,Từ 340 đến 245
429,701,103170084,Từ 478 đến 133
430,2197,109170043,Từ 313 đến 331
431,702,103170085,Từ 197 đến 87
432,2198,109170044,Từ 460 đến 221
433,703,103170086,Từ 66 đến 271
434,2199,109170045,Từ 361 đến 305
435,704,103170087,Từ 25 đến 112
436,2200,109170046,Từ 332 đến 143
437,705,103170088,Từ 327 đến 400
438,2201,109170047,Từ 125 đến 245
439,706,103170089,Từ 209 đến 395
440,2202,109170048,Từ 123 đến 151
441,707,103170090,Từ 432 đến 1
442,2203,109170049,Từ 290 đến 37
443,708,103170091,Từ 299 đến 79
444,2204,109170050,Từ 85 đến 325
445,709,103170092,Từ 339 đến 206
446,2205,109170051,Từ 280 đến 57
447,710,103170093,Từ 197 đến 257
448,2206,109170052,Từ 32 đến 151
449,711,103170094,Từ 89 đến 472
450,2207,109170053,Từ 396 đến 313
451,712,103170095,Từ 408 đến 164
452,2208,109170054,Từ 477 đến 22
453,713,103170096,Từ 281 đến 269
454,2209,109170055,Từ 166 đến 144
455,714,103170097,Từ 228 đến 197
456,2210,109170056,Từ 27 đến 152
457,715,103170098,Từ 38 đến 68
458,2211,109170057,Từ 237 đến 137
459,716,103170099,Từ 213 đến 217
460,2212,109170058,Từ 178 đến 304
461,717,103170100,Từ 29 đến 486
462,2213,109170059,Từ 210 đến 59
463,718,103170101,Từ 218 đến 57
464,2214,109170060,Từ 316 đến 223
465,719,103170102,Từ 485 đến 395
466,2215,109170061,Từ 269 đến 452
467,720,103170103,Từ 244 đến 11
468,2216,109170062,Từ 401 đến 51
469,721,103170104,Từ 231 đến 391
470,2217,109170063,Từ 271 đến 475
471,722,103170105,Từ 293 đến 126
472,2218,109170064,Từ 334 đến 440
473,723,103170106,Từ 476 đến 487
474,2219,109170065,Từ 155 đến 156
475,724,103170107,Từ 133 đến 147
476,2220,109170066,Từ 428 đến 84
477,725,103170108,Từ 321 đến 43
478,2221,109170067,Từ 236 đến 108
479,726,103170109,Từ 278 đến 154
480,2222,109170068,Từ 221 đến 77
481,727,103170110,Từ 225 đến 85
482,2223,109170069,Từ 459 đến 261
483,728,103170111,Từ 6 đến 341
484,2224,109170070,Từ 314 đến 338
485,729,103170112,Từ 416 đến 404
486,2225,109170071,Từ 28 đến 91
487,730,103170113,Từ 158 đến 426
488,2226,109170072,Từ 298 đến 328
489,731,103170114,Từ 25 đến 267
490,2227,109170073,Từ 24 đến 172
491,732,103170115,Từ 60 đến 103
492,2228,109170074,Từ 347 đến 404
493,733,103170132,Từ 368 đến 280
494,2229,109170075,Từ 422 đến 129
495,734,103170133,Từ 337 đến 278
496,2230,109170076,Từ 275 đến 165
497,735,103170134,Từ 300 đến 127
498,2231,109170077,Từ 199 đến 253
499,736,103170135,Từ 211 đến 222
500,2232,109170078,Từ 102 đến 223
501,737,103170136,Từ 200 đến 394
502,2233,109170079,Từ 382 đến 237
503,738,103170137,Từ 445 đến 200
504,2234,109170080,Từ 122 đến 23
505,739,103170138,Từ 108 đến 196
506,2235,109170081,Từ 333 đến 12
507,740,103170139,Từ 29 đến 257
508,2236,109170082,Từ 25 đến 169
509,741,103170140,Từ 344 đến 237
510,2237,109170083,Từ 239 đến 200
511,742,103170141,Từ 112 đến 144
512,2238,109170084,Từ 404 đến 182
513,743,103170142,Từ 170 đến 314
514,2239,109170085,Từ 124 đến 233
515,744,103170143,Từ 5 đến 17
516,2240,109170086,Từ 374 đến 335
517,745,103170144,Từ 322 đến 75
518,2241,109170087,Từ 171 đến 56
519,746,103170145,Từ 383 đến 66
520,2242,109170088,Từ 235 đến 187
521,747,103170146,Từ 150 đến 377
522,2243,109170089,Từ 15 đến 381
523,748,103170147,Từ 245 đến 451
524,2244,109170090,Từ 111 đến 426
525,749,103170148,Từ 123 đến 325
526,2245,109170091,Từ 160 đến 304
527,750,103170149,Từ 264 đến 133
528,2246,109170092,Từ 78 đến 435
529,751,103170150,Từ 221 đến 87
530,2247,109170093,Từ 203 đến 220
531,752,103170151,Từ 226 đến 193
532,2248,109170094,Từ 389 đến 422
533,753,103170152,Từ 136 đến 374
534,2249,109170095,Từ 110 đến 263
535,754,103170153,Từ 237 đến 312
536,2250,109170096,Từ 409 đến 315
537,755,103170154,Từ 323 đến 335
538,2251,102170240,Từ 374 đến 231
539,756,103170155,Từ 419 đến 242
540,2252,102170241,Từ 391 đến 233
541,757,103170156,Từ 226 đến 408
542,2253,102170242,Từ 204 đến 272
543,758,103170157,Từ 473 đến 252
544,2254,102170243,Từ 413 đến 330
545,759,103170158,Từ 30 đến 306
546,2255,102170244,Từ 82 đến 126
547,760,103170159,Từ 15 đến 390
548,2256,102170245,Từ 245 đến 168
549,761,103170160,Từ 380 đến 252
550,2257,102170246,Từ 32 đến 374
551,762,103170161,Từ 346 đến 353
552,2258,102170247,Từ 227 đến 66
553,763,103170162,Từ 456 đến 388
554,2259,102170248,Từ 349 đến 98
555,764,103170163,Từ 126 đến 268
556,2260,102170249,Từ 8 đến 427
557,765,103170164,Từ 8 đến 244
558,2261,102170250,Từ 25 đến 43
559,766,103170165,Từ 344 đến 109
560,2262,102170251,Từ 10 đến 420
561,767,103170166,Từ 434 đến 276
562,2263,102170252,Từ 256 đến 66
563,768,103170167,Từ 360 đến 422
564,2264,102170253,Từ 56 đến 288
565,769,103170168,Từ 150 đến 395
566,2265,102170254,Từ 81 đến 258
567,770,103170169,Từ 479 đến 117
568,2266,102170255,Từ 100 đến 50
569,771,103170170,Từ 413 đến 244
570,2267,102170256,Từ 352 đến 163
571,772,103170171,Từ 329 đến 290
572,2268,102170257,Từ 242 đến 244
573,773,103170172,Từ 365 đến 222
574,2269,102170258,Từ 247 đến 124
575,774,103170173,Từ 88 đến 56
576,2270,102170259,Từ 151 đến 197
577,775,103170174,Từ 459 đến 168
578,2271,102170260,Từ 6 đến 7
579,776,103170175,Từ 259 đến 35
580,2272,109170098,Từ 22 đến 147
581,777,103170176,Từ 164 đến 287
582,2273,109170121,Từ 460 đến 386
583,778,103170177,Từ 305 đến 39
584,2274,109170122,Từ 304 đến 48
585,779,103170178,Từ 426 đến 357
586,2275,109170123,Từ 431 đến 414
587,780,103170179,Từ 258 đến 95
588,2276,109170124,Từ 106 đến 63
589,781,103170180,Từ 57 đến 26
590,2277,109170125,Từ 174 đến 440
591,782,103170181,Từ 285 đến 185
592,2278,109170126,Từ 333 đến 127
593,783,103170182,Từ 390 đến 234
594,2279,109170127,Từ 342 đến 409
595,784,103170183,Từ 166 đến 274
596,2280,109170128,Từ 188 đến 235
597,785,103170184,Từ 265 đến 441
598,2281,109170129,Từ 192 đến 231
599,786,103170185,Từ 146 đến 97
600,2282,109170130,Từ 356 đến 476
601,787,103170186,Từ 79 đến 189
602,2283,109110223,Từ 29 đến 398
603,788,103170187,Từ 287 đến 64
604,2284,109110235,Từ 398 đến 384
605,789,103170188,Từ 49 đến 274
606,2285,109170001,Từ 18 đến 254
607,790,103170189,Từ 93 đến 416
608,2286,109170002,Từ 483 đến 68
609,791,103170190,Từ 368 đến 91
610,2287,109170003,Từ 234 đến 151
611,792,103170191,Từ 60 đến 476
612,2288,109170004,Từ 479 đến 367
613,793,103170192,Từ 266 đến 159
614,2289,109170005,Từ 11 đến 65
615,794,103170193,Từ 387 đến 180
616,2290,109170006,Từ 43 đến 334
617,795,103170194,Từ 171 đến 241
618,2291,109170007,Từ 190 đến 219
619,796,103170195,Từ 391 đến 94
620,2292,109170008,Từ 127 đến 475
621,797,103170196,Từ 306 đến 188
622,2293,109170009,Từ 425 đến 393
623,798,103170197,Từ 137 đến 243
624,2294,109170010,Từ 49 đến 200
625,799,103170198,Từ 2 đến 196
626,2295,109170011,Từ 12 đến 334
627,800,103170199,Từ 74 đến 270
628,2296,109170012,Từ 216 đến 114
629,801,103170200,Từ 74 đến 35
630,2297,109170013,Từ 410 đến 233
631,802,103170201,Từ 454 đến 103
632,2298,109170014,Từ 382 đến 86
633,803,103170202,Từ 149 đến 382
634,2299,109170015,Từ 380 đến 368
635,804,103170203,Từ 196 đến 162
636,2300,109170016,Từ 107 đến 302
637,805,103170204,Từ 422 đến 383
638,2301,109170017,Từ 385 đến 7
639,806,103170205,Từ 425 đến 204
640,2302,109170018,Từ 307 đến 15
641,807,103170206,Từ 24 đến 470
642,2303,109170019,Từ 48 đến 23
643,808,103170207,Từ 227 đến 194
644,2304,109170020,Từ 190 đến 306
645,809,103170208,Từ 60 đến 281
646,2305,109170021,Từ 56 đến 401
647,810,103170209,Từ 381 đến 357
648,2306,109170022,Từ 18 đến 401
649,811,103170210,Từ 9 đến 146
650,2307,109170023,Từ 290 đến 197
651,812,103170211,Từ 308 đến 297
652,2308,109170024,Từ 407 đến 348
653,813,103170212,Từ 435 đến 350
654,2309,109170025,Từ 390 đến 293
655,814,103170213,Từ 297 đến 201
656,2310,109170026,Từ 138 đến 173
657,815,103170214,Từ 26 đến 245
658,2311,109170027,Từ 196 đến 25
659,816,103170215,Từ 333 đến 409
660,2312,109170028,Từ 270 đến 15
661,817,103170216,Từ 420 đến 155
662,2313,109170029,Từ 405 đến 157
663,818,103170217,Từ 313 đến 380
664,2314,109170030,Từ 298 đến 241
665,819,104170001,Từ 390 đến 12
666,2315,109170031,Từ 317 đến 478
667,820,104170002,Từ 198 đến 251
668,2316,109170032,Từ 182 đến 22
669,821,104170003,Từ 109 đến 278
670,2317,109170033,Từ 161 đến 225
671,822,104170004,Từ 127 đến 280
672,2318,109170034,Từ 480 đến 342
673,823,104170005,Từ 74 đến 410
674,2319,109170035,Từ 98 đến 55
675,824,104170006,Từ 101 đến 335
676,2320,109170036,Từ 95 đến 409
677,825,104170007,Từ 31 đến 450
678,2321,109170097,Từ 241 đến 144
679,826,104170008,Từ 163 đến 193
680,2322,109170099,Từ 201 đến 292
681,827,104170009,Từ 229 đến 446
682,2323,109170100,Từ 268 đến 288
683,828,104170010,Từ 118 đến 273
684,2324,109170101,Từ 367 đến 100
685,829,104170011,Từ 371 đến 320
686,2325,109170102,Từ 291 đến 2
687,830,104170012,Từ 276 đến 309
688,2326,109170103,Từ 328 đến 311
689,831,104170013,Từ 406 đến 256
690,2327,109170104,Từ 250 đến 400
691,832,104170014,Từ 329 đến 358
692,2328,109170105,Từ 450 đến 156
693,833,104170015,Từ 149 đến 194
694,2329,109170106,Từ 119 đến 415
695,834,104170016,Từ 134 đến 229
696,2330,109170107,Từ 478 đến 457
697,835,104170017,Từ 216 đến 82
698,2331,109170108,Từ 261 đến 289
699,836,104170018,Từ 390 đến 433
700,2332,109170109,Từ 328 đến 423
701,837,104170019,Từ 51 đến 140
702,2333,109170110,Từ 138 đến 320
703,838,104170020,Từ 312 đến 193
704,2334,109170111,Từ 279 đến 287
705,839,104170021,Từ 331 đến 320
706,2335,109170112,Từ 362 đến 477
707,840,104170022,Từ 115 đến 34
708,2336,109170113,Từ 187 đến 201
709,841,104170023,Từ 343 đến 194
710,2337,109170114,Từ 178 đến 152
711,842,104170024,Từ 220 đến 469
712,2338,109170115,Từ 307 đến 26
713,843,104170025,Từ 36 đến 44
714,2339,109170116,Từ 7 đến 210
715,844,104170026,Từ 19 đến 14
716,2340,109170117,Từ 304 đến 267
717,845,104170027,Từ 372 đến 139
718,2341,109170118,Từ 221 đến 397
719,846,104170028,Từ 167 đến 220
720,2342,109170119,Từ 366 đến 370
721,847,104170029,Từ 251 đến 53
722,2343,109170120,Từ 447 đến 476
723,848,104170030,Từ 234 đến 247
724,2344,110170001,Từ 173 đến 360
725,849,104170031,Từ 196 đến 105
726,2345,110170002,Từ 235 đến 321
727,850,104170032,Từ 332 đến 333
728,2346,110170003,Từ 454 đến 149
729,851,104170033,Từ 204 đến 199
730,2347,110170004,Từ 44 đến 448
731,852,104170034,Từ 358 đến 202
732,2348,110170005,Từ 159 đến 297
733,853,104170035,Từ 380 đến 425
734,2349,110170006,Từ 435 đến 447
735,854,104170036,Từ 387 đến 130
736,2350,110170007,Từ 283 đến 59
737,855,104170037,Từ 91 đến 30
738,2351,110170008,Từ 449 đến 418
739,856,104170038,Từ 312 đến 435
740,2352,110170009,Từ 325 đến 445
741,857,104170039,Từ 50 đến 351
742,2353,110170010,Từ 134 đến 432
743,858,104170040,Từ 18 đến 245
744,2354,110170011,Từ 147 đến 95
745,859,104170041,Từ 12 đến 413
746,2355,110170012,Từ 132 đến 453
747,860,104170042,Từ 184 đến 78
748,2356,110170013,Từ 247 đến 282
749,861,104170043,Từ 273 đến 20
750,2357,110170014,Từ 16 đến 432
751,862,104170044,Từ 342 đến 58
752,2358,110170015,Từ 389 đến 34
753,863,104170045,Từ 148 đến 131
754,2359,110170016,Từ 83 đến 201
755,864,104170046,Từ 221 đến 137
756,2360,110170017,Từ 230 đến 257
757,865,104170047,Từ 349 đến 6
758,2361,110170018,Từ 209 đến 308
759,866,104170048,Từ 432 đến 207
760,2362,110170019,Từ 350 đến 222
761,867,104170049,Từ 401 đến 222
762,2363,110170020,Từ 462 đến 273
763,868,104170050,Từ 380 đến 134
764,2364,110170021,Từ 401 đến 177
765,869,104170051,Từ 72 đến 245
766,2365,110170022,Từ 99 đến 423
767,870,104170052,Từ 45 đến 107
768,2366,110170023,Từ 128 đến 405
769,871,104170053,Từ 432 đến 406
770,2367,110170024,Từ 279 đến 362
771,872,104170054,Từ 41 đến 169
772,2368,110170025,Từ 143 đến 399
773,873,104170055,Từ 290 đến 173
774,2369,110170026,Từ 50 đến 372
775,874,104170056,Từ 450 đến 184
776,2370,110170027,Từ 18 đến 292
777,875,104170057,Từ 375 đến 273
778,2371,110170028,Từ 124 đến 377
779,876,104170058,Từ 386 đến 110
780,2372,110170029,Từ 54 đến 402
781,877,104170059,Từ 416 đến 370
782,2373,110170030,Từ 187 đến 325
783,878,104170060,Từ 312 đến 12
784,2374,110170031,Từ 247 đến 433
785,879,104170061,Từ 435 đến 164
786,2375,110170032,Từ 221 đến 100
787,880,104170062,Từ 18 đến 107
788,2376,110170033,Từ 134 đến 427
789,881,104170063,Từ 78 đến 86
790,2377,110170034,Từ 179 đến 374
791,882,104170064,Từ 472 đến 122
792,2378,110170035,Từ 424 đến 473
793,883,104170065,Từ 121 đến 7
794,2379,110170036,Từ 110 đến 330
795,884,104170066,Từ 340 đến 129
796,2380,110170037,Từ 279 đến 293
797,885,104170067,Từ 246 đến 360
798,2381,110170038,Từ 182 đến 355
799,886,104170068,Từ 17 đến 248
800,2382,110170039,Từ 150 đến 133
801,887,104170069,Từ 168 đến 31
802,2383,110170040,Từ 342 đến 230
803,888,104170070,Từ 345 đến 424
804,2384,110170041,Từ 194 đến 313
805,889,104170071,Từ 74 đến 235
806,2385,110170042,Từ 252 đến 348
807,890,104170072,Từ 468 đến 251
808,2386,110170043,Từ 377 đến 71
809,891,104170073,Từ 44 đến 232
810,2387,110170044,Từ 8 đến 443
811,892,104170074,Từ 63 đến 193
812,2388,110170045,Từ 99 đến 252
813,893,104170075,Từ 434 đến 368
814,2389,110170046,Từ 20 đến 467
815,894,104170076,Từ 206 đến 192
816,2390,110170047,Từ 314 đến 363
817,895,104170077,Từ 361 đến 51
818,2391,110170048,Từ 411 đến 274
819,896,104170078,Từ 220 đến 473
820,2392,110170049,Từ 94 đến 425
821,897,104170079,Từ 293 đến 32
822,2393,110170050,Từ 149 đến 477
823,898,104170080,Từ 421 đến 111
824,2394,110170051,Từ 257 đến 72
825,899,104170081,Từ 243 đến 175
826,2395,110170052,Từ 396 đến 23
827,900,104170082,Từ 271 đến 459
828,2396,110170053,Từ 307 đến 383
829,901,104170083,Từ 428 đến 87
830,2397,110170054,Từ 457 đến 355
831,902,104170084,Từ 212 đến 355
832,2398,110170055,Từ 233 đến 222
833,903,104170085,Từ 296 đến 173
834,2399,110170056,Từ 38 đến 65
835,904,104170086,Từ 313 đến 135
836,2400,110170057,Từ 107 đến 256
837,905,104170087,Từ 457 đến 470
838,2401,110170058,Từ 393 đến 314
839,906,104170088,Từ 487 đến 190
840,2402,110170059,Từ 432 đến 224
841,907,104170089,Từ 251 đến 134
842,2403,110170060,Từ 47 đến 334
843,908,104170090,Từ 374 đến 74
844,2404,110170061,Từ 220 đến 257
845,909,104170091,Từ 368 đến 292
846,2405,110170062,Từ 448 đến 274
847,910,104170092,Từ 226 đến 46
848,2406,110170063,Từ 192 đến 52
849,911,104170093,Từ 285 đến 368
850,2407,110170064,Từ 389 đến 256
851,912,104170094,Từ 264 đến 196
852,2408,110170065,Từ 444 đến 355
853,913,104170095,Từ 203 đến 145
854,2409,110170066,Từ 160 đến 110
855,914,104170096,Từ 408 đến 137
856,2410,110170067,Từ 100 đến 387
857,915,104170097,Từ 281 đến 141
858,2411,110170068,Từ 254 đến 399
859,916,104170098,Từ 464 đến 431
860,2412,110170069,Từ 331 đến 456
861,917,104170099,Từ 386 đến 233
862,2413,110170070,Từ 164 đến 372
863,918,104170100,Từ 352 đến 167
864,2414,110170086,Từ 365 đến 391
865,919,104170101,Từ 82 đến 405
866,2415,110170087,Từ 397 đến 315
867,920,104170102,Từ 318 đến 198
868,2416,110170088,Từ 426 đến 182
869,921,104170103,Từ 388 đến 482
870,2417,110170089,Từ 13 đến 425
871,922,104170104,Từ 159 đến 65
872,2418,110170090,Từ 232 đến 160
873,923,104170105,Từ 150 đến 143
874,2419,110170091,Từ 137 đến 121
875,924,104170106,Từ 437 đến 407
876,2420,110170092,Từ 413 đến 119
877,925,104170107,Từ 34 đến 37
878,2421,110170093,Từ 72 đến 59
879,926,104170108,Từ 307 đến 417
880,2422,110170094,Từ 379 đến 44
881,927,104170109,Từ 367 đến 173
882,2423,110170095,Từ 287 đến 221
883,928,104170110,Từ 221 đến 40
884,2424,110170096,Từ 470 đến 174
885,929,104170111,Từ 233 đến 199
886,2425,110170097,Từ 365 đến 126
887,930,104170112,Từ 316 đến 269
888,2426,110170098,Từ 86 đến 383
889,931,104170113,Từ 161 đến 415
890,2427,110170099,Từ 7 đến 18
891,932,104170114,Từ 164 đến 361
892,2428,110170100,Từ 294 đến 60
893,933,104170115,Từ 6 đến 268
894,2429,110170101,Từ 204 đến 322
895,934,104170116,Từ 415 đến 188
896,2430,110170102,Từ 436 đến 125
897,935,104170117,Từ 74 đến 191
898,2431,110170103,Từ 135 đến 379
899,936,104170118,Từ 179 đến 114
900,2432,110170104,Từ 32 đến 241
901,937,104170119,Từ 355 đến 63
902,2433,110170105,Từ 231 đến 154
903,938,104170120,Từ 73 đến 9
904,2434,110170106,Từ 133 đến 469
905,939,104170121,Từ 175 đến 169
906,2435,110170107,Từ 429 đến 222
907,940,104170122,Từ 116 đến 60
908,2436,110170108,Từ 451 đến 94
909,941,104170123,Từ 39 đến 149
910,2437,110170109,Từ 132 đến 443
911,942,104170124,Từ 228 đến 8
912,2438,110170110,Từ 201 đến 298
913,943,104170125,Từ 430 đến 425
914,2439,110170111,Từ 446 đến 333
915,944,104170126,Từ 26 đến 391
916,2440,110170112,Từ 408 đến 100
917,945,104170127,Từ 1 đến 460
918,2441,110170113,Từ 148 đến 212
919,946,104170128,Từ 248 đến 72
920,2442,110170114,Từ 397 đến 168
921,947,104170129,Từ 158 đến 446
922,2443,110170115,Từ 401 đến 320
923,948,104170130,Từ 395 đến 199
924,2444,110170116,Từ 235 đến 184
925,949,104170131,Từ 310 đến 10
926,2445,110170117,Từ 449 đến 81
927,950,104170132,Từ 265 đến 300
928,2446,110170118,Từ 429 đến 168
929,951,104170133,Từ 447 đến 383
930,2447,110170119,Từ 126 đến 106
931,952,104170134,Từ 27 đến 323
932,2448,110170120,Từ 146 đến 238
933,953,104170135,Từ 294 đến 11
934,2449,110170121,Từ 20 đến 355
935,954,104170136,Từ 433 đến 323
936,2450,110170122,Từ 319 đến 186
937,955,104170137,Từ 463 đến 217
938,2451,110170123,Từ 193 đến 306
939,956,104170138,Từ 372 đến 89
940,2452,110170124,Từ 19 đến 4
941,957,104170139,Từ 240 đến 483
942,2453,110170125,Từ 342 đến 221
943,958,104170140,Từ 100 đến 160
944,2454,110170126,Từ 162 đến 337
945,959,104170141,Từ 213 đến 337
946,2455,110170127,Từ 373 đến 48
947,960,105170001,Từ 173 đến 63
948,2456,110170128,Từ 158 đến 137
949,961,105170002,Từ 331 đến 195
950,2457,110170129,Từ 2 đến 144
951,962,105170003,Từ 262 đến 206
952,2458,110170130,Từ 36 đến 465
953,963,105170004,Từ 118 đến 226
954,2459,110170131,Từ 151 đến 117
955,964,105170005,Từ 427 đến 299
956,2460,110170132,Từ 306 đến 121
957,965,105170006,Từ 58 đến 473
958,2461,110170133,Từ 249 đến 373
959,966,105170007,Từ 378 đến 354
960,2462,110170134,Từ 416 đến 303
961,967,105170008,Từ 132 đến 163
962,2463,110170135,Từ 389 đến 361
963,968,105170009,Từ 19 đến 332
964,2464,110170136,Từ 327 đến 193
965,969,105170010,Từ 95 đến 457
966,2465,110170137,Từ 376 đến 484
967,970,105170011,Từ 135 đến 437
968,2466,110170138,Từ 383 đến 150
969,971,105170012,Từ 326 đến 482
970,2467,110170139,Từ 54 đến 6
971,972,105170013,Từ 408 đến 76
972,2468,110170140,Từ 56 đến 323
973,973,105170014,Từ 31 đến 205
974,2469,110170141,Từ 346 đến 59
975,974,105170015,Từ 297 đến 221
976,2470,110170142,Từ 439 đến 67
977,975,105170016,Từ 91 đến 195
978,2471,110170143,Từ 290 đến 481
979,976,105170017,Từ 139 đến 348
980,2472,110170144,Từ 92 đến 350
981,977,105170018,Từ 273 đến 330
982,2473,110170145,Từ 440 đến 465
983,978,105170019,Từ 415 đến 112
984,2474,110170146,Từ 432 đến 476
985,979,105170020,Từ 154 đến 401
986,2475,110170147,Từ 417 đến 384
987,980,105170021,Từ 223 đến 39
988,2476,110170148,Từ 224 đến 15
989,981,105170022,Từ 133 đến 90
990,2477,110170149,Từ 459 đến 8
991,982,105170023,Từ 419 đến 228
992,2478,110170150,Từ 327 đến 334
993,983,105170024,Từ 456 đến 384
994,2479,110170151,Từ 7 đến 167
995,984,105170025,Từ 156 đến 360
996,2480,110170152,Từ 393 đến 309
997,985,105170026,Từ 300 đến 313
998,2481,110170153,Từ 54 đến 426
999,986,105170027,Từ 118 đến 312
1000,2482,110170154,Từ 405 đến 72
1001,987,105170028,Từ 33 đến 385
1002,2483,110170171,Từ 300 đến 263
1003,988,105170029,Từ 62 đến 34
1004,2484,110170172,Từ 67 đến 225
1005,989,105170030,Từ 334 đến 70
1006,2485,110170173,Từ 40 đến 233
1007,990,105170031,Từ 464 đến 60
1008,2486,110170174,Từ 387 đến 164
1009,991,105170032,Từ 343 đến 184
1010,2487,110170175,Từ 230 đến 376
1011,992,105170033,Từ 427 đến 199
1012,2488,110170176,Từ 162 đến 46
1013,993,105170034,Từ 299 đến 45
1014,2489,110170177,Từ 191 đến 241
1015,994,105170035,Từ 172 đến 308
1016,2490,110170178,Từ 193 đến 448
1017,995,105170036,Từ 379 đến 136
1018,2491,110170179,Từ 188 đến 309
1019,996,105170037,Từ 105 đến 300
1020,2492,110170180,Từ 198 đến 222
1021,997,105170038,Từ 9 đến 64
1022,2493,110170181,Từ 345 đến 259
1023,998,105170039,Từ 98 đến 7
1024,2494,110170182,Từ 479 đến 11
1025,999,105170040,Từ 196 đến 270
1026,2495,110170183,Từ 371 đến 359
1027,1000,105170041,Từ 254 đến 178
1028,2496,110170184,Từ 420 đến 483
1029,1001,105170042,Từ 153 đến 254
1030,2497,110170185,Từ 188 đến 486
1031,1002,105170043,Từ 248 đến 353
1032,2498,110170186,Từ 86 đến 374
1033,1003,105170044,Từ 51 đến 227
1034,2499,110170187,Từ 225 đến 410
1035,1004,105170045,Từ 57 đến 247
1036,2500,110170188,Từ 103 đến 176
1037,1005,105170046,Từ 340 đến 255
1038,2501,110170189,Từ 435 đến 486
1039,1006,105170047,Từ 16 đến 55
1040,2502,110170190,Từ 344 đến 81
1041,1007,105170048,Từ 275 đến 34
1042,2503,110170191,Từ 6 đến 79
1043,1008,105170049,Từ 296 đến 197
1044,2504,110170192,Từ 309 đến 427
1045,1009,105170050,Từ 78 đến 203
1046,2505,110170193,Từ 447 đến 247
1047,1010,105170051,Từ 116 đến 74
1048,2506,110170194,Từ 5 đến 149
1049,1011,105170052,Từ 180 đến 85
1050,2507,110170195,Từ 406 đến 415
1051,1012,105170053,Từ 340 đến 448
1052,2508,110170196,Từ 406 đến 464
1053,1013,105170054,Từ 18 đến 11
1054,2509,110170197,Từ 225 đến 96
1055,1014,105170055,Từ 481 đến 101
1056,2510,110170198,Từ 236 đến 356
1057,1015,105170056,Từ 38 đến 228
1058,2511,110170199,Từ 477 đến 481
1059,1016,105170057,Từ 198 đến 25
1060,2512,110170200,Từ 34 đến 472
1061,1017,105170058,Từ 97 đến 409
1062,2513,110170201,Từ 202 đến 99
1063,1018,105170059,Từ 429 đến 337
1064,2514,110170202,Từ 242 đến 363
1065,1019,105170060,Từ 287 đến 323
1066,2515,110170203,Từ 153 đến 253
1067,1020,105170061,Từ 33 đến 253
1068,2516,110170204,Từ 210 đến 361
1069,1021,105170062,Từ 249 đến 151
1070,2517,110170205,Từ 246 đến 21
1071,1022,105170063,Từ 28 đến 379
1072,2518,110170206,Từ 190 đến 235
1073,1023,105170064,Từ 342 đến 298
1074,2519,110170207,Từ 321 đến 410
1075,1024,105170065,Từ 160 đến 344
1076,2520,110170208,Từ 290 đến 224
1077,1025,105170066,Từ 113 đến 204
1078,2521,110170209,Từ 300 đến 297
1079,1026,105170067,Từ 430 đến 202
1080,2522,110170210,Từ 27 đến 206
1081,1027,105170068,Từ 338 đến 430
1082,2523,110170211,Từ 135 đến 426
1083,1028,105170069,Từ 460 đến 310
1084,2524,110170212,Từ 139 đến 296
1085,1029,105170070,Từ 350 đến 352
1086,2525,110170213,Từ 8 đến 341
1087,1030,105170071,Từ 440 đến 71
1088,2526,110170214,Từ 128 đến 246
1089,1031,105170072,Từ 125 đến 72
1090,2527,110170215,Từ 191 đến 271
1091,1032,105170073,Từ 471 đến 369
1092,2528,110170216,Từ 31 đến 361
1093,1033,105170074,Từ 109 đến 284
1094,2529,110170217,Từ 122 đến 457
1095,1034,109161000000,Từ 74 đến 126
1096,2530,110170218,Từ 167 đến 387
1097,1035,105170075,Từ 261 đến 182
1098,2531,110170219,Từ 191 đến 475
1099,1036,105170076,Từ 12 đến 28
1100,2532,110170220,Từ 342 đến 287
1101,1037,105170077,Từ 453 đến 166
1102,2533,110170221,Từ 341 đến 430
1103,1038,105170078,Từ 487 đến 88
1104,2534,110170222,Từ 157 đến 224
1105,1039,105170079,Từ 114 đến 468
1106,2535,110170223,Từ 303 đến 182
1107,1040,105170080,Từ 14 đến 375
1108,2536,110170224,Từ 298 đến 458
1109,1041,105170081,Từ 424 đến 121
1110,2537,110170225,Từ 242 đến 281
1111,1042,105170082,Từ 278 đến 40
1112,2538,110170226,Từ 168 đến 252
1113,1043,105170083,Từ 135 đến 168
1114,2539,110170227,Từ 194 đến 224
1115,1044,105170084,Từ 109 đến 14
1116,2540,110170228,Từ 60 đến 148
1117,1045,105170085,Từ 163 đến 17
1118,2541,110170229,Từ 162 đến 250
1119,1046,105170086,Từ 195 đến 30
1120,2542,110170230,Từ 221 đến 257
1121,1047,105170087,Từ 232 đến 328
1122,2543,110170231,Từ 66 đến 358
1123,1048,105170088,Từ 239 đến 462
1124,2544,110170232,Từ 450 đến 297
1125,1049,105170089,Từ 388 đến 364
1126,2545,110170233,Từ 97 đến 162
1127,1050,105170090,Từ 54 đến 479
1128,2546,110170234,Từ 319 đến 117
1129,1051,105170091,Từ 177 đến 204
1130,2547,110170235,Từ 173 đến 474
1131,1052,105170092,Từ 345 đến 430
1132,2548,110170236,Từ 181 đến 410
1133,1053,105170093,Từ 382 đến 87
1134,2549,110170237,Từ 427 đến 387
1135,1054,105170094,Từ 380 đến 189
1136,2550,110170238,Từ 431 đến 268
1137,1055,105170095,Từ 320 đến 447
1138,2551,110170239,Từ 408 đến 216
1139,1056,105170096,Từ 7 đến 254
1140,2552,110170240,Từ 468 đến 221
1141,1057,105170097,Từ 52 đến 341
1142,2553,110170241,Từ 52 đến 53
1143,1058,105170098,Từ 130 đến 476
1144,2554,110170242,Từ 384 đến 325
1145,1059,105170099,Từ 184 đến 411
1146,2555,110170243,Từ 449 đến 394
1147,1060,105170100,Từ 121 đến 254
1148,2556,110170244,Từ 468 đến 139
1149,1061,105170101,Từ 106 đến 354
1150,2557,111170001,Từ 417 đến 108
1151,1062,105170102,Từ 26 đến 280
1152,2558,111170002,Từ 257 đến 206
1153,1063,105170103,Từ 48 đến 318
1154,2559,111170003,Từ 167 đến 328
1155,1064,105170104,Từ 401 đến 260
1156,2560,111170004,Từ 23 đến 32
1157,1065,105170105,Từ 428 đến 446
1158,2561,111170005,Từ 434 đến 65
1159,1066,105170106,Từ 485 đến 234
1160,2562,111170006,Từ 262 đến 321
1161,1067,105170107,Từ 244 đến 340
1162,2563,111170007,Từ 315 đến 198
1163,1068,105170108,Từ 184 đến 157
1164,2564,111170008,Từ 71 đến 486
1165,1069,105170109,Từ 254 đến 420
1166,2565,111170009,Từ 135 đến 52
1167,1070,105170110,Từ 16 đến 195
1168,2566,111170010,Từ 48 đến 429
1169,1071,105170111,Từ 461 đến 176
1170,2567,111170011,Từ 154 đến 423
1171,1072,105170112,Từ 6 đến 279
1172,2568,111170012,Từ 198 đến 69
1173,1073,105170113,Từ 434 đến 46
1174,2569,111170013,Từ 40 đến 282
1175,1074,105170114,Từ 136 đến 112
1176,2570,111170014,Từ 469 đến 367
1177,1075,105170115,Từ 158 đến 187
1178,2571,111170015,Từ 202 đến 222
1179,1076,105170116,Từ 431 đến 80
1180,2572,111170016,Từ 221 đến 468
1181,1077,105170117,Từ 215 đến 288
1182,2573,111170017,Từ 371 đến 308
1183,1078,105170118,Từ 186 đến 132
1184,2574,111170018,Từ 140 đến 263
1185,1079,105170119,Từ 432 đến 375
1186,2575,111170019,Từ 21 đến 272
1187,1080,105170120,Từ 81 đến 167
1188,2576,111170020,Từ 302 đến 385
1189,1081,105170121,Từ 175 đến 438
1190,2577,111170021,Từ 317 đến 157
1191,1082,105170122,Từ 93 đến 252
1192,2578,111170022,Từ 449 đến 203
1193,1083,105170123,Từ 134 đến 291
1194,2579,111170023,Từ 368 đến 450
1195,1084,105170124,Từ 26 đến 207
1196,2580,111170024,Từ 38 đến 357
1197,1085,105170125,Từ 264 đến 263
1198,2581,111170025,Từ 426 đến 305
1199,1086,105170126,Từ 482 đến 240
1200,2582,111170026,Từ 372 đến 359
1201,1087,105170127,Từ 46 đến 284
1202,2583,111170027,Từ 66 đến 231
1203,1088,105170128,Từ 356 đến 83
1204,2584,111170028,Từ 202 đến 468
1205,1089,105170129,Từ 253 đến 90
1206,2585,111170029,Từ 314 đến 285
1207,1090,105170130,Từ 277 đến 160
1208,2586,111170030,Từ 179 đến 240
1209,1091,105170131,Từ 290 đến 395
1210,2587,111170031,Từ 293 đến 54
1211,1092,105170132,Từ 486 đến 7
1212,2588,111170032,Từ 314 đến 391
1213,1093,105170133,Từ 139 đến 340
1214,2589,111170033,Từ 189 đến 171
1215,1094,105170134,Từ 458 đến 455
1216,2590,111170034,Từ 191 đến 482
1217,1095,105170135,Từ 285 đến 242
1218,2591,111170035,Từ 289 đến 26
1219,1096,105170136,Từ 181 đến 151
1220,2592,111170036,Từ 114 đến 459
1221,1097,105170137,Từ 274 đến 211
1222,2593,111170037,Từ 327 đến 435
1223,1098,105170138,Từ 109 đến 469
1224,2594,111170038,Từ 290 đến 478
1225,1099,105170139,Từ 287 đến 448
1226,2595,111170039,Từ 134 đến 325
1227,1100,105170140,Từ 391 đến 231
1228,2596,111170040,Từ 172 đến 318
1229,1101,105170141,Từ 276 đến 345
1230,2597,111170041,Từ 147 đến 61
1231,1102,105170142,Từ 342 đến 9
1232,2598,111170042,Từ 149 đến 225
1233,1103,105170143,Từ 234 đến 1
1234,2599,111170043,Từ 383 đến 405
1235,1104,105170144,Từ 129 đến 293
1236,2600,111170044,Từ 145 đến 123
1237,1105,105170145,Từ 126 đến 123
1238,2601,111170045,Từ 86 đến 125
1239,1106,105170146,Từ 112 đến 260
1240,2602,111170046,Từ 422 đến 271
1241,1107,109110143,Từ 203 đến 458
1242,2603,111170047,Từ 401 đến 75
1243,1108,105170147,Từ 256 đến 217
1244,2604,111170048,Từ 151 đến 268
1245,1109,105170148,Từ 115 đến 107
1246,2605,111170049,Từ 408 đến 15
1247,1110,105170149,Từ 403 đến 420
1248,2606,111170050,Từ 200 đến 439
1249,1111,105170150,Từ 151 đến 232
1250,2607,111170051,Từ 125 đến 17
1251,1112,105170151,Từ 284 đến 470
1252,2608,111170052,Từ 70 đến 79
1253,1113,105170152,Từ 389 đến 18
1254,2609,111170053,Từ 314 đến 146
1255,1114,105170153,Từ 467 đến 232
1256,2610,111170054,Từ 454 đến 28
1257,1115,105170154,Từ 128 đến 404
1258,2611,111170055,Từ 314 đến 112
1259,1116,105170155,Từ 35 đến 291
1260,2612,111170056,Từ 334 đến 140
1261,1117,105170156,Từ 438 đến 102
1262,2613,111170057,Từ 75 đến 230
1263,1118,105170157,Từ 406 đến 63
1264,2614,111170058,Từ 212 đến 335
1265,1119,105170158,Từ 126 đến 28
1266,2615,111170059,Từ 347 đến 43
1267,1120,105170159,Từ 59 đến 127
1268,2616,111170060,Từ 334 đến 394
1269,1121,105170160,Từ 55 đến 194
1270,2617,111170061,Từ 416 đến 42
1271,1122,105170161,Từ 125 đến 374
1272,2618,111170062,Từ 432 đến 379
1273,1123,105170162,Từ 177 đến 196
1274,2619,111170063,Từ 293 đến 36
1275,1124,105170163,Từ 202 đến 430
1276,2620,111170064,Từ 362 đến 23
1277,1125,105170164,Từ 458 đến 453
1278,2621,111170065,Từ 330 đến 465
1279,1126,105170165,Từ 29 đến 410
1280,2622,111170066,Từ 148 đến 428
1281,1127,105170166,Từ 253 đến 171
1282,2623,111170067,Từ 23 đến 90
1283,1128,105170167,Từ 430 đến 256
1284,2624,111170068,Từ 227 đến 274
1285,1129,105170168,Từ 401 đến 105
1286,2625,111170069,Từ 173 đến 86
1287,1130,105170169,Từ 291 đến 28
1288,2626,111170070,Từ 427 đến 15
1289,1131,105170170,Từ 362 đến 252
1290,2627,117170001,Từ 399 đến 240
1291,1132,105170171,Từ 337 đến 157
1292,2628,117170002,Từ 310 đến 373
1293,1133,105170172,Từ 283 đến 422
1294,2629,117170003,Từ 137 đến 46
1295,1134,105170173,Từ 220 đến 162
1296,2630,117170004,Từ 371 đến 417
1297,1135,105170174,Từ 349 đến 448
1298,2631,117170005,Từ 350 đến 189
1299,1136,105170175,Từ 148 đến 423
1300,2632,117170006,Từ 131 đến 469
1301,1137,105170176,Từ 337 đến 425
1302,2633,117170007,Từ 207 đến 50
1303,1138,105170177,Từ 435 đến 241
1304,2634,117170008,Từ 199 đến 257
1305,1139,105170178,Từ 450 đến 384
1306,2635,117170009,Từ 135 đến 38
1307,1140,105170179,Từ 371 đến 267
1308,2636,117170010,Từ 238 đến 346
1309,1141,105170180,Từ 336 đến 42
1310,2637,117170011,Từ 470 đến 420
1311,1142,105170181,Từ 190 đến 306
1312,2638,117170012,Từ 451 đến 460
1313,1143,105170182,Từ 284 đến 246
1314,2639,117170013,Từ 357 đến 100
1315,1144,105170183,Từ 6 đến 119
1316,2640,117170014,Từ 150 đến 107
1317,1145,105170184,Từ 327 đến 462
1318,2641,117170015,Từ 420 đến 291
1319,1146,105170185,Từ 157 đến 69
1320,2642,117170016,Từ 464 đến 169
1321,1147,105170186,Từ 41 đến 361
1322,2643,117170017,Từ 112 đến 378
1323,1148,105170187,Từ 51 đến 214
1324,2644,117170018,Từ 98 đến 197
1325,1149,105170188,Từ 261 đến 181
1326,2645,117170019,Từ 164 đến 452
1327,1150,105170189,Từ 482 đến 240
1328,2646,117170020,Từ 470 đến 468
1329,1151,105170190,Từ 434 đến 92
1330,2647,117170021,Từ 434 đến 98
1331,1152,105170191,Từ 100 đến 91
1332,2648,117170022,Từ 465 đến 302
1333,1153,105170192,Từ 196 đến 23
1334,2649,117170023,Từ 60 đến 115
1335,1154,105170193,Từ 341 đến 62
1336,2650,117170024,Từ 41 đến 459
1337,1155,105170194,Từ 193 đến 475
1338,2651,117170025,Từ 18 đến 67
1339,1156,105170195,Từ 105 đến 215
1340,2652,117170026,Từ 240 đến 339
1341,1157,105170196,Từ 261 đến 365
1342,2653,117170027,Từ 29 đến 445
1343,1158,105170197,Từ 310 đến 419
1344,2654,117170028,Từ 3 đến 278
1345,1159,105170198,Từ 309 đến 320
1346,2655,117170029,Từ 147 đến 172
1347,1160,105170199,Từ 111 đến 112
1348,2656,117170030,Từ 271 đến 386
1349,1161,105170200,Từ 89 đến 407
1350,2657,117170031,Từ 111 đến 62
1351,1162,105170201,Từ 348 đến 1
1352,2658,117170032,Từ 60 đến 411
1353,1163,105170202,Từ 217 đến 334
1354,2659,117170033,Từ 297 đến 449
1355,1164,105170203,Từ 369 đến 283
1356,2660,117170034,Từ 386 đến 154
1357,1165,105170204,Từ 184 đến 463
1358,2661,117170035,Từ 476 đến 265
1359,1166,105170205,Từ 53 đến 103
1360,2662,117170036,Từ 69 đến 290
1361,1167,105170206,Từ 343 đến 234
1362,2663,117170037,Từ 80 đến 85
1363,1168,105170207,Từ 397 đến 479
1364,2664,117170038,Từ 63 đến 47
1365,1169,105170208,Từ 415 đến 246
1366,2665,117170039,Từ 212 đến 178
1367,1170,105170209,Từ 220 đến 310
1368,2666,117170040,Từ 349 đến 166
1369,1171,105170210,Từ 2 đến 62
1370,2667,117170041,Từ 288 đến 191
1371,1172,105170211,Từ 402 đến 339
1372,2668,117170042,Từ 194 đến 48
1373,1173,105170212,Từ 47 đến 264
1374,2669,117170043,Từ 91 đến 390
1375,1174,105170213,Từ 300 đến 188
1376,2670,117170044,Từ 399 đến 369
1377,1175,105170214,Từ 355 đến 412
1378,2671,117170045,Từ 200 đến 423
1379,1176,105170215,Từ 62 đến 189
1380,2672,117170046,Từ 41 đến 148
1381,1177,105170216,Từ 202 đến 183
1382,2673,117170047,Từ 82 đến 483
1383,1178,105170217,Từ 97 đến 316
1384,2674,117170048,Từ 296 đến 154
1385,1179,105170218,Từ 329 đến 396
1386,2675,117170049,Từ 358 đến 334
1387,1180,101170308,Từ 235 đến 403
1388,2676,117170050,Từ 115 đến 361
1389,1181,101170309,Từ 207 đến 4
1390,2677,117170051,Từ 389 đến 113
1391,1182,101170310,Từ 82 đến 455
1392,2678,117170052,Từ 127 đến 463
1393,1183,101170311,Từ 303 đến 204
1394,2679,117170053,Từ 379 đến 77
1395,1184,101170312,Từ 123 đến 117
1396,2680,117170054,Từ 6 đến 289
1397,1185,101170313,Từ 151 đến 409
1398,2681,111170071,Từ 409 đến 421
1399,1186,101170314,Từ 134 đến 457
1400,2682,111170072,Từ 348 đến 265
1401,1187,101170315,Từ 3 đến 103
1402,2683,111170073,Từ 458 đến 420
1403,1188,101170316,Từ 401 đến 113
1404,2684,111170074,Từ 435 đến 388
1405,1189,101170317,Từ 480 đến 311
1406,2685,111170075,Từ 141 đến 325
1407,1190,101170318,Từ 129 đến 334
1408,2686,111170076,Từ 136 đến 308
1409,1191,101170319,Từ 169 đến 271
1410,2687,111170077,Từ 476 đến 333
1411,1192,101170320,Từ 44 đến 401
1412,2688,111170078,Từ 276 đến 450
1413,1193,101170321,Từ 164 đến 156
1414,2689,111170079,Từ 219 đến 168
1415,1194,101170322,Từ 408 đến 46
1416,2690,111170080,Từ 322 đến 141
1417,1195,105170269,Từ 389 đến 347
1418,2691,111170081,Từ 320 đến 269
1419,1196,105170270,Từ 273 đến 192
1420,2692,111170082,Từ 399 đến 200
1421,1197,105170271,Từ 403 đến 404
1422,2693,111170083,Từ 247 đến 137
1423,1198,105170272,Từ 270 đến 358
1424,2694,111170084,Từ 71 đến 124
1425,1199,105170273,Từ 47 đến 64
1426,2695,111170085,Từ 293 đến 191
1427,1200,105170274,Từ 277 đến 74
1428,2696,111170086,Từ 214 đến 184
1429,1201,105170275,Từ 128 đến 13
1430,2697,111120006,Từ 171 đến 350
1431,1202,105170276,Từ 55 đến 392
1432,2698,117140124,Từ 5 đến 62
1433,1203,105170277,Từ 191 đến 14
1434,2699,101150225,Từ 290 đến 33
1435,1204,105170278,Từ 299 đến 350
1436,2700,117160071,Từ 314 đến 126
1437,1205,105170279,Từ 447 đến 107
1438,2701,117170055,Từ 9 đến 109
1439,1206,105170280,Từ 37 đến 354
1440,2702,117170056,Từ 248 đến 254
1441,1207,105170281,Từ 344 đến 425
1442,2703,117170057,Từ 184 đến 272
1443,1208,105170282,Từ 143 đến 413
1444,2704,117170058,Từ 302 đến 131
1445,1209,105170283,Từ 306 đến 122
1446,2705,117170059,Từ 39 đến 379
1447,1210,105170284,Từ 174 đến 208
1448,2706,117170060,Từ 381 đến 298
1449,1211,105170285,Từ 429 đến 428
1450,2707,117170061,Từ 188 đến 138
1451,1212,105170286,Từ 230 đến 66
1452,2708,117170062,Từ 149 đến 345
1453,1213,105170287,Từ 283 đến 149
1454,2709,117170063,Từ 154 đến 94
1455,1214,105170288,Từ 41 đến 395
1456,2710,117170064,Từ 181 đến 350
1457,1215,105170289,Từ 72 đến 236
1458,2711,117170065,Từ 395 đến 40
1459,1216,105170290,Từ 195 đến 92
1460,2712,117170066,Từ 258 đến 102
1461,1217,105170291,Từ 239 đến 11
1462,2713,117170067,Từ 364 đến 173
1463,1218,105170292,Từ 410 đến 384
1464,2714,117170068,Từ 106 đến 34
1465,1219,105170293,Từ 468 đến 329
1466,2715,117170069,Từ 368 đến 426
1467,1220,105170294,Từ 281 đến 346
1468,2716,117170070,Từ 96 đến 8
1469,1221,105170295,Từ 335 đến 434
1470,2717,117170071,Từ 404 đến 430
1471,1222,105170296,Từ 87 đến 182
1472,2718,117170072,Từ 299 đến 449
1473,1223,105170297,Từ 475 đến 374
1474,2719,117170073,Từ 34 đến 67
1475,1224,105170298,Từ 30 đến 88
1476,2720,117170074,Từ 56 đến 208
1477,1225,105170299,Từ 245 đến 362
1478,2721,117170075,Từ 303 đến 320
1479,1226,105170300,Từ 343 đến 283
1480,2722,117170076,Từ 42 đến 114
1481,1227,105170301,Từ 104 đến 188
1482,2723,117170077,Từ 12 đến 331
1483,1228,105170302,Từ 46 đến 329
1484,2724,117170078,Từ 321 đến 333
1485,1229,105170303,Từ 330 đến 458
1486,2725,117170079,Từ 396 đến 91
1487,1230,105170304,Từ 91 đến 453
1488,2726,117170080,Từ 374 đến 52
1489,1231,105170305,Từ 268 đến 482
1490,2727,117170081,Từ 117 đến 190
1491,1232,105170306,Từ 87 đến 293
1492,2728,117170082,Từ 168 đến 66
1493,1233,105170307,Từ 480 đến 369
1494,2729,117170083,Từ 475 đến 321
1495,1234,105170308,Từ 375 đến 334
1496,2730,117170084,Từ 201 đến 289
1497,1235,105170309,Từ 199 đến 366
1498,2731,117170085,Từ 145 đến 306
1499,1236,105170310,Từ 129 đến 356
1500,2732,117170086,Từ 368 đến 291
1501,1237,105170311,Từ 275 đến 383
1502,2733,117170087,Từ 67 đến 150
1503,1238,105170312,Từ 275 đến 426
1504,2734,117170088,Từ 82 đến 304
1505,1239,105170313,Từ 284 đến 373
1506,2735,117170089,Từ 53 đến 243
1507,1240,105170314,Từ 254 đến 67
1508,2736,117170090,Từ 334 đến 3
1509,1241,105170315,Từ 143 đến 342
1510,2737,117170091,Từ 124 đến 472
1511,1242,105170316,Từ 65 đến 219
1512,2738,117170092,Từ 29 đến 12
1513,1243,105170317,Từ 186 đến 264
1514,2739,117170093,Từ 212 đến 323
1515,1244,105170318,Từ 174 đến 419
1516,2740,117170094,Từ 190 đến 28
1517,1245,105170319,Từ 402 đến 60
1518,2741,117170095,Từ 475 đến 273
1519,1246,105170320,Từ 467 đến 476
1520,2742,117170096,Từ 370 đến 45
1521,1247,105170321,Từ 307 đến 258
1522,2743,117170097,Từ 423 đến 332
1523,1248,105170322,Từ 56 đến 314
1524,2744,117170098,Từ 135 đến 90
1525,1249,105170323,Từ 287 đến 313
1526,2745,117170099,Từ 482 đến 231
1527,1250,105170324,Từ 175 đến 282
1528,2746,117170100,Từ 429 đến 464
1529,1251,105170325,Từ 251 đến 181
1530,2747,117170101,Từ 446 đến 169
1531,1252,105170326,Từ 309 đến 114
1532,2748,117170102,Từ 276 đến 245
1533,1253,105170327,Từ 11 đến 479
1534,2749,117170103,Từ 243 đến 439
1535,1254,105170328,Từ 368 đến 369
1536,2750,117170104,Từ 44 đến 193
1537,1255,105170329,Từ 186 đến 25
1538,2751,117170105,Từ 392 đến 138
1539,1256,105170330,Từ 39 đến 55
1540,2752,117170106,Từ 467 đến 433
1541,1257,101170323,Từ 263 đến 286
1542,2753,117170107,Từ 138 đến 244
1543,1258,101170324,Từ 46 đến 440
1544,2754,117170108,Từ 70 đến 34
1545,1259,101170325,Từ 33 đến 403
1546,2755,117170109,Từ 246 đến 79
1547,1260,101170326,Từ 65 đến 152
1548,2756,117170110,Từ 456 đến 351
1549,1261,101170327,Từ 293 đến 92
1550,2757,117170111,Từ 385 đến 338
1551,1262,101170328,Từ 431 đến 131
1552,2758,117170112,Từ 432 đến 472
1553,1263,101170329,Từ 43 đến 57
1554,2759,117170113,Từ 15 đến 135
1555,1264,101170330,Từ 375 đến 434
1556,2760,117170114,Từ 133 đến 353
1557,1265,101170331,Từ 128 đến 90
1558,2761,117170115,Từ 73 đến 65
1559,1266,101170332,Từ 405 đến 476
1560,2762,117170116,Từ 40 đến 406
1561,1267,101170333,Từ 39 đến 340
1562,2763,117170117,Từ 155 đến 7
1563,1268,101170334,Từ 450 đến 80
1564,2764,110170245,Từ 322 đến 27
1565,1269,101170335,Từ 260 đến 179
1566,2765,110170246,Từ 170 đến 295
1567,1270,101170336,Từ 276 đến 90
1568,2766,110170247,Từ 348 đến 123
1569,1271,101170337,Từ 359 đến 138
1570,2767,110170248,Từ 200 đến 135
1571,1272,105170331,Từ 327 đến 347
1572,2768,110170249,Từ 446 đến 451
1573,1273,105170332,Từ 332 đến 394
1574,2769,110170250,Từ 239 đến 325
1575,1274,105170333,Từ 345 đến 406
1576,2770,110170251,Từ 212 đến 310
1577,1275,105170334,Từ 260 đến 192
1578,2771,110170252,Từ 396 đến 364
1579,1276,105170335,Từ 325 đến 480
1580,2772,110170253,Từ 461 đến 40
1581,1277,105170336,Từ 442 đến 467
1582,2773,110170254,Từ 412 đến 196
1583,1278,105170337,Từ 277 đến 413
1584,2774,118170001,Từ 298 đến 455
1585,1279,105170338,Từ 169 đến 431
1586,2775,118170002,Từ 444 đến 255
1587,1280,105170339,Từ 392 đến 225
1588,2776,118170003,Từ 168 đến 123
1589,1281,105170340,Từ 69 đến 484
1590,2777,118170004,Từ 238 đến 394
1591,1282,105170341,Từ 35 đến 350
1592,2778,118170005,Từ 321 đến 447
1593,1283,105170342,Từ 99 đến 226
1594,2779,118170006,Từ 125 đến 300
1595,1284,105170343,Từ 50 đến 147
1596,2780,118170007,Từ 146 đến 412
1597,1285,105170344,Từ 357 đến 300
1598,2781,118170008,Từ 424 đến 193
1599,1286,105170345,Từ 155 đến 102
1600,2782,118170009,Từ 146 đến 464
1601,1287,105170346,Từ 344 đến 272
1602,2783,118170010,Từ 318 đến 163
1603,1288,105170347,Từ 439 đến 419
1604,2784,118170011,Từ 317 đến 366
1605,1289,105170348,Từ 194 đến 134
1606,2785,118170012,Từ 276 đến 253
1607,1290,105170349,Từ 302 đến 325
1608,2786,118170013,Từ 171 đến 278
1609,1291,105170350,Từ 1 đến 164
1610,2787,118170014,Từ 285 đến 50
1611,1292,105170351,Từ 140 đến 482
1612,2788,118170015,Từ 109 đến 404
1613,1293,105170352,Từ 260 đến 213
1614,2789,118170016,Từ 102 đến 23
1615,1294,105170353,Từ 70 đến 398
1616,2790,118170017,Từ 50 đến 314
1617,1295,105170354,Từ 300 đến 486
1618,2791,118170018,Từ 216 đến 428
1619,1296,105170355,Từ 344 đến 171
1620,2792,118170019,Từ 25 đến 313
1621,1297,105170356,Từ 472 đến 442
1622,2793,118170020,Từ 384 đến 7
1623,1298,105170357,Từ 276 đến 4
1624,2794,118170021,Từ 458 đến 184
1625,1299,105170358,Từ 100 đến 61
1626,2795,118170022,Từ 309 đến 367
1627,1300,105170359,Từ 293 đến 232
1628,2796,118170023,Từ 238 đến 384
1629,1301,105170360,Từ 413 đến 484
1630,2797,118170024,Từ 28 đến 394
1631,1302,105170361,Từ 374 đến 419
1632,2798,118170025,Từ 389 đến 137
1633,1303,105170362,Từ 123 đến 4
1634,2799,118170026,Từ 178 đến 301
1635,1304,105170363,Từ 17 đến 194
1636,2800,118170027,Từ 167 đến 457
1637,1305,105170364,Từ 237 đến 365
1638,2801,118170028,Từ 9 đến 268
1639,1306,105170365,Từ 302 đến 297
1640,2802,118170029,Từ 399 đến 12
1641,1307,105170366,Từ 294 đến 391
1642,2803,118170030,Từ 129 đến 63
1643,1308,105170367,Từ 173 đến 297
1644,2804,118170031,Từ 413 đến 29
1645,1309,105170368,Từ 33 đến 344
1646,2805,118170032,Từ 423 đến 319
1647,1310,105170369,Từ 395 đến 353
1648,2806,118170033,Từ 68 đến 164
1649,1311,105170370,Từ 60 đến 269
1650,2807,118170034,Từ 274 đến 390
1651,1312,105170371,Từ 296 đến 446
1652,2808,118170035,Từ 11 đến 268
1653,1313,105170372,Từ 302 đến 297
1654,2809,118170036,Từ 47 đến 304
1655,1314,105170373,Từ 255 đến 308
1656,2810,118170037,Từ 67 đến 155
1657,1315,105170374,Từ 392 đến 5
1658,2811,118170038,Từ 451 đến 461
1659,1316,105170375,Từ 16 đến 357
1660,2812,118170039,Từ 254 đến 76
1661,1317,105170376,Từ 276 đến 349
1662,2813,118170040,Từ 374 đến 395
1663,1318,105170377,Từ 3 đến 214
1664,2814,118170041,Từ 255 đến 202
1665,1319,105170378,Từ 190 đến 102
1666,2815,118170042,Từ 77 đến 332
1667,1320,105170379,Từ 29 đến 97
1668,2816,118170043,Từ 344 đến 346
1669,1321,105170380,Từ 298 đến 225
1670,2817,118170044,Từ 32 đến 380
1671,1322,105170381,Từ 117 đến 196
1672,2818,118170045,Từ 209 đến 5
1673,1323,105170382,Từ 61 đến 314
1674,2819,118170046,Từ 48 đến 55
1675,1324,105170383,Từ 346 đến 470
1676,2820,118170047,Từ 220 đến 132
1677,1325,105170384,Từ 245 đến 374
1678,2821,118170048,Từ 94 đến 8
1679,1326,105170385,Từ 288 đến 399
1680,2822,118170049,Từ 128 đến 337
1681,1327,105170386,Từ 125 đến 420
1682,2823,118170050,Từ 424 đến 340
1683,1328,105170387,Từ 423 đến 432
1684,2824,118170051,Từ 352 đến 219
1685,1329,105170388,Từ 387 đến 19
1686,2825,118170052,Từ 223 đến 384
1687,1330,105170389,Từ 145 đến 34
1688,2826,118170053,Từ 121 đến 464
1689,1331,105170390,Từ 485 đến 98
1690,2827,118170054,Từ 43 đến 362
1691,1332,105170391,Từ 326 đến 266
1692,2828,118170055,Từ 157 đến 267
1693,1333,105170219,Từ 316 đến 160
1694,2829,118170056,Từ 127 đến 56
1695,1334,105170220,Từ 284 đến 394
1696,2830,118170057,Từ 425 đến 101
1697,1335,105170221,Từ 24 đến 149
1698,2831,118170058,Từ 88 đến 339
1699,1336,105170222,Từ 235 đến 433
1700,2832,118170059,Từ 331 đến 139
1701,1337,105170223,Từ 70 đến 119
1702,2833,118170060,Từ 416 đến 15
1703,1338,105170224,Từ 168 đến 217
1704,2834,118170061,Từ 204 đến 461
1705,1339,105170225,Từ 3 đến 194
1706,2835,118170062,Từ 154 đến 155
1707,1340,105170226,Từ 172 đến 100
1708,2836,118170063,Từ 276 đến 420
1709,1341,105170227,Từ 294 đến 85
1710,2837,118170064,Từ 64 đến 12
1711,1342,105170228,Từ 88 đến 206
1712,2838,118170065,Từ 131 đến 212
1713,1343,105170229,Từ 328 đến 339
1714,2839,118170066,Từ 113 đến 354
1715,1344,105170230,Từ 486 đến 396
1716,2840,118170067,Từ 147 đến 399
1717,1345,105170231,Từ 310 đến 264
1718,2841,118170068,Từ 269 đến 60
1719,1346,105170232,Từ 164 đến 329
1720,2842,118170069,Từ 383 đến 23
1721,1347,105170233,Từ 70 đến 409
1722,2843,118170070,Từ 81 đến 66
1723,1348,105170234,Từ 380 đến 219
1724,2844,118170071,Từ 129 đến 44
1725,1349,105170235,Từ 227 đến 294
1726,2845,118170072,Từ 390 đến 318
1727,1350,105170236,Từ 57 đến 337
1728,2846,118170073,Từ 246 đến 24
1729,1351,105170237,Từ 127 đến 409
1730,2847,118170074,Từ 202 đến 43
1731,1352,105170238,Từ 119 đến 413
1732,2848,118170075,Từ 79 đến 63
1733,1353,105170239,Từ 377 đến 171
1734,2849,118170076,Từ 384 đến 392
1735,1354,105170240,Từ 262 đến 131
1736,2850,118170077,Từ 225 đến 232
1737,1355,105170241,Từ 306 đến 90
1738,2851,118170078,Từ 214 đến 78
1739,1356,105170242,Từ 371 đến 312
1740,2852,118170079,Từ 156 đến 326
1741,1357,105170243,Từ 481 đến 193
1742,2853,118170080,Từ 394 đến 102
1743,1358,105170244,Từ 13 đến 487
1744,2854,118170081,Từ 353 đến 114
1745,1359,105170245,Từ 207 đến 9
1746,2855,118170082,Từ 483 đến 180
1747,1360,105170246,Từ 35 đến 303
1748,2856,118170083,Từ 293 đến 277
1749,1361,105170247,Từ 486 đến 190
1750,2857,118170084,Từ 88 đến 309
1751,1362,105170248,Từ 430 đến 323
1752,2858,118170085,Từ 171 đến 319
1753,1363,105170249,Từ 312 đến 440
1754,2859,118170086,Từ 336 đến 432
1755,1364,105170250,Từ 247 đến 68
1756,2860,118170087,Từ 57 đến 297
1757,1365,105170251,Từ 86 đến 174
1758,2861,118170088,Từ 101 đến 174
1759,1366,105170252,Từ 70 đến 436
1760,2862,118170089,Từ 26 đến 345
1761,1367,105170253,Từ 12 đến 164
1762,2863,118170090,Từ 441 đến 261
1763,1368,105170254,Từ 108 đến 93
1764,2864,118170091,Từ 12 đến 166
1765,1369,105170255,Từ 343 đến 431
1766,2865,118170092,Từ 450 đến 388
1767,1370,105170256,Từ 48 đến 448
1768,2866,118170093,Từ 301 đến 271
1769,1371,105170257,Từ 28 đến 59
1770,2867,118170094,Từ 419 đến 75
1771,1372,105170258,Từ 123 đến 381
1772,2868,118170095,Từ 363 đến 451
1773,1373,105170259,Từ 406 đến 452
1774,2869,118170096,Từ 421 đến 461
1775,1374,105170260,Từ 62 đến 417
1776,2870,118170097,Từ 427 đến 53
1777,1375,105170261,Từ 312 đến 52
1778,2871,118170098,Từ 63 đến 310
1779,1376,105170262,Từ 292 đến 65
1780,2872,118170099,Từ 312 đến 211
1781,1377,105170392,Từ 409 đến 208
1782,2873,118170100,Từ 412 đến 315
1783,1378,105170393,Từ 265 đến 464
1784,2874,118170101,Từ 162 đến 22
1785,1379,105170394,Từ 292 đến 359
1786,2875,118170102,Từ 231 đến 337
1787,1380,105170395,Từ 304 đến 307
1788,2876,118170103,Từ 216 đến 126
1789,1381,105170396,Từ 213 đến 465
1790,2877,118170104,Từ 17 đến 88
1791,1382,105170397,Từ 350 đến 10
1792,2878,118170105,Từ 297 đến 361
1793,1383,105170398,Từ 140 đến 290
1794,2879,118170106,Từ 342 đến 391
1795,1384,105170399,Từ 160 đến 442
1796,2880,118170107,Từ 90 đến 69
1797,1385,105170400,Từ 193 đến 313
1798,2881,118170108,Từ 164 đến 442
1799,1386,105170401,Từ 21 đến 248
1800,2882,118170109,Từ 381 đến 28
1801,1387,105170402,Từ 471 đến 209
1802,2883,118170110,Từ 235 đến 390
1803,1388,105170403,Từ 457 đến 176
1804,2884,118170111,Từ 48 đến 391
1805,1389,105170404,Từ 311 đến 400
1806,2885,118170112,Từ 316 đến 459
1807,1390,105170405,Từ 150 đến 257
1808,2886,118170113,Từ 214 đến 155
1809,1391,105170406,Từ 393 đến 399
1810,2887,118170114,Từ 466 đến 163
1811,1392,105170407,Từ 417 đến 197
1812,2888,118170115,Từ 118 đến 404
1813,1393,105170408,Từ 122 đến 181
1814,2889,118170116,Từ 54 đến 337
1815,1394,105170409,Từ 118 đến 283
1816,2890,118170117,Từ 341 đến 73
1817,1395,105170410,Từ 413 đến 466
1818,2891,118170118,Từ 345 đến 7
1819,1396,105170411,Từ 13 đến 301
1820,2892,118170119,Từ 145 đến 273
1821,1397,105170412,Từ 137 đến 344
1822,2893,118170120,Từ 151 đến 61
1823,1398,105170413,Từ 261 đến 422
1824,2894,118170121,Từ 326 đến 171
1825,1399,105170414,Từ 67 đến 235
1826,2895,118170122,Từ 38 đến 298
1827,1400,105170415,Từ 438 đến 139
1828,2896,118170123,Từ 105 đến 75
1829,1401,105170416,Từ 64 đến 307
1830,2897,118170124,Từ 246 đến 417
1831,1402,105170417,Từ 96 đến 486
1832,2898,118170125,Từ 194 đến 350
1833,1403,105170418,Từ 142 đến 70
1834,2899,118170126,Từ 6 đến 51
1835,1404,105170419,Từ 270 đến 428
1836,2900,118170127,Từ 309 đến 205
1837,1405,105170420,Từ 418 đến 124
1838,2901,118170128,Từ 101 đến 112
1839,1406,105170421,Từ 237 đến 447
1840,2902,118170129,Từ 45 đến 227
1841,1407,105170422,Từ 254 đến 216
1842,2903,118170130,Từ 106 đến 406
1843,1408,105170423,Từ 210 đến 354
1844,2904,118170131,Từ 387 đến 16
1845,1409,105170424,Từ 480 đến 241
1846,2905,118170132,Từ 169 đến 56
1847,1410,105170425,Từ 266 đến 53
1848,2906,118170133,Từ 287 đến 268
1849,1411,105170426,Từ 250 đến 55
1850,2907,118170134,Từ 328 đến 301
1851,1412,105170263,Từ 484 đến 214
1852,2908,118170135,Từ 315 đến 453
1853,1413,105170264,Từ 197 đến 97
1854,2909,118170136,Từ 191 đến 378
1855,1414,105170265,Từ 441 đến 289
1856,2910,118170137,Từ 57 đến 49
1857,1415,105170266,Từ 433 đến 52
1858,2911,118170138,Từ 299 đến 224
1859,1416,105170267,Từ 467 đến 70
1860,2912,118170139,Từ 144 đến 336
1861,1417,105170268,Từ 34 đến 55
1862,2913,118170140,Từ 116 đến 54
1863,1418,105170427,Từ 64 đến 216
1864,2914,118170141,Từ 400 đến 333
1865,1419,105170428,Từ 101 đến 424
1866,2915,118170142,Từ 48 đến 411
1867,1420,105170429,Từ 307 đến 84
1868,2916,118170143,Từ 108 đến 310
1869,1421,105170430,Từ 344 đến 405
1870,2917,118170144,Từ 80 đến 265
1871,1422,105170431,Từ 44 đến 444
1872,2918,118170145,Từ 460 đến 467
1873,1423,105170432,Từ 149 đến 117
1874,2919,118170146,Từ 408 đến 100
1875,1424,105170433,Từ 276 đến 12
1876,2920,118170147,Từ 117 đến 218
1877,1425,105170434,Từ 473 đến 454
1878,2921,118170148,Từ 171 đến 18
1879,1426,105170435,Từ 463 đến 216
1880,2922,118170149,Từ 33 đến 466
1881,1427,105170436,Từ 152 đến 250
1882,2923,118170150,Từ 294 đến 176
1883,1428,105170437,Từ 439 đến 281
1884,2924,118170151,Từ 452 đến 225
1885,1429,105170438,Từ 38 đến 447
1886,2925,118170152,Từ 217 đến 202
1887,1430,105170439,Từ 277 đến 355
1888,2926,118170153,Từ 270 đến 468
1889,1431,105170440,Từ 319 đến 151
1890,2927,118170154,Từ 256 đến 381
1891,1432,105170441,Từ 423 đến 30
1892,2928,118170155,Từ 226 đến 362
1893,1433,105170442,Từ 268 đến 130
1894,2929,118170156,Từ 13 đến 162
1895,1434,105170443,Từ 99 đến 236
1896,2930,118170157,Từ 274 đến 355
1897,1435,105170444,Từ 379 đến 37
1898,2931,118170158,Từ 224 đến 22
1899,1436,105170445,Từ 477 đến 264
1900,2932,118170159,Từ 477 đến 240
1901,1437,105170446,Từ 447 đến 253
1902,2933,118170160,Từ 431 đến 208
1903,1438,105170447,Từ 389 đến 38
1904,2934,118170161,Từ 35 đến 456
1905,1439,105170448,Từ 303 đến 171
1906,2935,118170162,Từ 177 đến 121
1907,1440,105170449,Từ 463 đến 194
1908,2936,118170163,Từ 364 đến 161
1909,1441,105170450,Từ 146 đến 381
1910,2937,118170164,Từ 330 đến 374
1911,1442,105170451,Từ 68 đến 331
1912,2938,118170165,Từ 111 đến 242
1913,1443,105170452,Từ 477 đến 431
1914,2939,118170166,Từ 265 đến 428
1915,1444,105170453,Từ 199 đến 364
1916,2940,118170167,Từ 178 đến 28
1917,1445,105170454,Từ 149 đến 73
1918,2941,118170168,Từ 244 đến 386
1919,1446,105170455,Từ 308 đến 151
1920,2942,118170169,Từ 68 đến 414
1921,1447,105170456,Từ 356 đến 385
1922,2943,118170170,Từ 56 đến 338
1923,1448,105170457,Từ 213 đến 209
1924,2944,118170171,Từ 254 đến 66
1925,1449,105170458,Từ 429 đến 31
1926,2945,118170172,Từ 319 đến 29
1927,1450,105170459,Từ 279 đến 315
1928,2946,118170173,Từ 203 đến 28
1929,1451,105170460,Từ 62 đến 347
1930,2947,118170174,Từ 261 đến 171
1931,1452,106170001,Từ 366 đến 119
1932,2948,118170175,Từ 353 đến 328
1933,1453,106170002,Từ 393 đến 448
1934,2949,118170176,Từ 373 đến 93
1935,1454,106170003,Từ 204 đến 146
1936,2950,118170177,Từ 391 đến 400
1937,1455,106170004,Từ 409 đến 80
1938,2951,118170178,Từ 409 đến 53
1939,1456,106170005,Từ 429 đến 394
1940,2952,118170179,Từ 445 đến 290
1941,1457,106170006,Từ 265 đến 449
1942,2953,118170180,Từ 18 đến 192
1943,1458,106170007,Từ 423 đến 89
1944,2954,118170181,Từ 243 đến 446
1945,1459,106170008,Từ 90 đến 485
1946,2955,118170182,Từ 334 đến 68
1947,1460,106170009,Từ 373 đến 210
1948,2956,118170183,Từ 233 đến 65
1949,1461,106170010,Từ 151 đến 72
1950,2957,118170184,Từ 52 đến 295
1951,1462,106170011,Từ 41 đến 304
1952,2958,118170185,Từ 345 đến 280
1953,1463,106170012,Từ 110 đến 20
1954,2959,118170186,Từ 348 đến 33
1955,1464,106170013,Từ 140 đến 312
1956,2960,118170187,Từ 231 đến 374
1957,1465,106170014,Từ 24 đến 413
1958,2961,118170188,Từ 32 đến 253
1959,1466,106170015,Từ 70 đến 79
1960,2962,118170189,Từ 388 đến 296
1961,1467,106170016,Từ 37 đến 269
1962,2963,118170190,Từ 18 đến 100
1963,1468,106170017,Từ 78 đến 309
1964,2964,118170191,Từ 271 đến 469
1965,1469,106170018,Từ 428 đến 437
1966,2965,118170192,Từ 325 đến 472
1967,1470,106170019,Từ 102 đến 281
1968,2966,118170193,Từ 96 đến 76
1969,1471,106170021,Từ 365 đến 68
1970,2967,118170194,Từ 224 đến 49
1971,1472,106170022,Từ 452 đến 137
1972,2968,118170195,Từ 362 đến 430
1973,1473,106170023,Từ 265 đến 3
1974,2969,118170196,Từ 179 đến 7
1975,1474,106170024,Từ 199 đến 329
1976,2970,118170197,Từ 137 đến 353
1977,1475,106170025,Từ 440 đến 247
1978,2971,118170198,Từ 242 đến 106
1979,1476,106170026,Từ 97 đến 132
1980,2972,118170199,Từ 372 đến 415
1981,1477,106170027,Từ 165 đến 307
1982,2973,118170200,Từ 14 đến 161
1983,1478,106170028,Từ 302 đến 353
1984,2974,118170201,Từ 232 đến 332
1985,1479,106170029,Từ 138 đến 236
1986,2975,118170202,Từ 145 đến 220
1987,1480,106170030,Từ 137 đến 460
1988,2976,118170203,Từ 155 đến 117
1989,1481,106170031,Từ 292 đến 100
1990,2977,118170204,Từ 29 đến 91
1991,1482,106170032,Từ 411 đến 22
1992,2978,118170205,Từ 261 đến 48
1993,1483,106170033,Từ 363 đến 230
1994,2979,118170206,Từ 177 đến 48
1995,1484,106170034,Từ 390 đến 149
1996,2980,118170207,Từ 18 đến 91
1997,1485,106170035,Từ 372 đến 34
1998,2981,118170208,Từ 187 đến 226
1999,1486,106170036,Từ 438 đến 8
2000,2982,118170209,Từ 154 đến 253
2001,1487,106170037,Từ 477 đến 409
2002,2983,118170210,Từ 466 đến 15
2003,1488,106170038,Từ 345 đến 398
2004,2984,118170211,Từ 475 đến 288
2005,1489,106170039,Từ 71 đến 438
2006,2985,118170212,Từ 1 đến 269
2007,1490,106170040,Từ 28 đến 31
2008,2986,118170213,Từ 333 đến 204
2009,1491,106170041,Từ 103 đến 345
2010,2987,118170214,Từ 347 đến 164
2011,1492,106170042,Từ 449 đến 111
2012,2988,118170215,Từ 321 đến 466
2013,1493,106170043,Từ 407 đến 476
2014,2989,118170216,Từ 180 đến 93
2015,1494,106170044,Từ 236 đến 87
2016,2990,118170217,Từ 323 đến 205
2017,1495,106170045,Từ 61 đến 273
2018,2991,118170218,Từ 245 đến 157
